<application>
  <component name="AndroidLogcatFilterHistory">
    <option name="mostRecentlyUsed" value="package:mine yqad" />
    <option name="nonFavorites">
      <list>
        <option value="package:mine yqad" />
        <option value="package:mine " />
        <option value="package:mine level:error " />
        <option value="package:mine" />
        <option value="package:mine 网络" />
        <option value="level:error " />
        <option value="package:mine level:error" />
        <option value="package:mine YdSDK" />
        <option value="package:mine y" />
        <option value="package:mine oaid" />
        <option value="rushhour" />
        <option value="MainFunc-(width, height)-&gt;" />
        <option value="package:mine is:error " />
        <option value="package:mine source" />
        <option value="package:mine DeviceId" />
        <option value="package:mine [DouyinSdkManager]" />
        <option value="package:mine  tag: TFT-[DouyinSdkManager]  did:" />
        <option value="package:mine  did:" />
      </list>
    </option>
  </component>
</application>