<application>
  <component name="BuildProcessSatisfactionSurveyStore">
    <option name="daysWithGradleBuilds" value="30" />
    <option name="firstKotlinGradleBuildTime" value="1728356691" />
    <option name="lastKotlinGradleBuildTime" value="1736932137" />
    <option name="nextCountedGradleBuild" value="1737015722" />
  </component>
  <component name="KotlinNewUserTracker">
    <option name="firstKtFileOpened" value="1715869282" />
    <option name="lastKtFileOpened" value="1737083018" />
    <option name="newKtUserSince" value="1715869282" />
  </component>
</application>