<application>
  <component name="ProjectManager">
    <defaultProject>
      <component name="PropertiesComponent"><![CDATA[{
  "keyToString": {
    "settings.editor.selected.configurable": "AndroidSdkUpdater"
  }
}]]></component>
      <component name="WindowStateProjectService">
        <state x="-1495" y="-62" key="SettingsEditor" timestamp="1715819725718">
          <screen x="-1920" y="-103" width="1920" height="999" />
        </state>
        <state x="-1495" y="-62" key="SettingsEditor/0.23.1440.877/-1920.-103.1920.999" timestamp="1715819725718" />
      </component>
    </defaultProject>
  </component>
</application>