<application>
  <component name="CachedDictionaryState">
    <words>
      <w>apkp</w>
      <w>apkpex</w>
      <w>arouter</w>
      <w>atomicfu</w>
      <w>beizi</w>
      <w>bottomsheet</w>
      <w>cdtft</w>
      <w>chinarainbow</w>
      <w>cqad</w>
      <w>dcep</w>
      <w>deeplinks</w>
      <w>disposible</w>
      <w>douyin</w>
      <w>funcs</w>
      <w>ibtn</w>
      <w>icbc</w>
      <w>idcard</w>
      <w>minigame</w>
      <w>oaid</w>
      <w>openadsdk</w>
      <w>qyad</w>
      <w>unfinish</w>
      <w>unicon</w>
      <w>xiaotian</w>
      <w>yqad</w>
    </words>
  </component>
</application>