<application>
  <component name="DimensionService">
    <location key="WELCOME_SCREEN.-3840.-252.3840.2160@192dpi" x="-2070" y="600" />
    <location key="find.popup.1440.0.1920.1080" x="1867" y="84" />
    <location key="find.popup.0.0.2880.1800@192dpi" x="640" y="148" />
    <location key="find.popup.-1920.-180.1920.1080" x="-1447" y="-96" />
    <location key="find.popup.0.0.1920.1080" x="474" y="84" />
    <size key="find.popup.1440.0.1920.1080" width="649" height="508" />
    <size key="find.popup.0.0.2880.1800@192dpi" width="1358" height="1528" />
    <size key="GridCell.Tab.0.right.0.0.2880.1800@192dpi" width="2630" height="1286" />
    <size key="GridCell.Tab.0.left.0.0.2880.1800@192dpi" width="2630" height="1286" />
    <size key="GridCell.Tab.0.center.0.0.2880.1800@192dpi" width="2630" height="1286" />
    <size key="GridCell.Tab.0.bottom.0.0.2880.1800@192dpi" width="2630" height="1286" />
    <size key="GridCell.Tab.1.left.0.0.2880.1800@192dpi" width="3708" height="708" />
    <size key="GridCell.Tab.1.center.0.0.2880.1800@192dpi" width="3708" height="708" />
    <size key="GridCell.Tab.1.right.0.0.2880.1800@192dpi" width="3708" height="708" />
    <size key="GridCell.Tab.1.bottom.0.0.2880.1800@192dpi" width="3708" height="708" />
    <size key="GridCell.Tab.0.left.1440.0.1920.1080" width="1854" height="315" />
    <size key="GridCell.Tab.0.center.1440.0.1920.1080" width="1854" height="315" />
    <size key="GridCell.Tab.0.right.1440.0.1920.1080" width="1854" height="315" />
    <size key="GridCell.Tab.0.bottom.1440.0.1920.1080" width="1854" height="315" />
    <size key="GridCell.Tab.1.left.1440.0.1920.1080" width="1854" height="332" />
    <size key="GridCell.Tab.1.center.1440.0.1920.1080" width="1854" height="332" />
    <size key="GridCell.Tab.1.right.1440.0.1920.1080" width="1854" height="332" />
    <size key="GridCell.Tab.1.bottom.1440.0.1920.1080" width="1854" height="332" />
    <size key="GridCell.Tab.0.left.-1920.-180.1920.1080" width="1795" height="688" />
    <size key="GridCell.Tab.0.center.-1920.-180.1920.1080" width="1795" height="688" />
    <size key="GridCell.Tab.0.right.-1920.-180.1920.1080" width="1795" height="688" />
    <size key="GridCell.Tab.0.bottom.-1920.-180.1920.1080" width="1795" height="688" />
    <size key="find.popup.-1920.-180.1920.1080" width="877" height="920" />
    <size key="GridCell.Tab.1.left.-1920.-180.1920.1080" width="1795" height="688" />
    <size key="GridCell.Tab.1.center.-1920.-180.1920.1080" width="1795" height="688" />
    <size key="GridCell.Tab.1.right.-1920.-180.1920.1080" width="1795" height="688" />
    <size key="GridCell.Tab.1.bottom.-1920.-180.1920.1080" width="1795" height="688" />
    <size key="find.popup.0.0.1920.1080" width="877" height="920" />
    <size key="GridCell.Tab.0.right.0.0.1920.1080" width="1795" height="585" />
    <size key="GridCell.Tab.0.left.0.0.1920.1080" width="1795" height="585" />
    <size key="GridCell.Tab.0.center.0.0.1920.1080" width="1795" height="585" />
    <size key="GridCell.Tab.0.bottom.0.0.1920.1080" width="1795" height="585" />
    <size key="GridCell.Tab.1.left.0.0.1920.1080" width="1795" height="487" />
    <size key="GridCell.Tab.1.center.0.0.1920.1080" width="1795" height="487" />
    <size key="GridCell.Tab.1.right.0.0.1920.1080" width="1795" height="487" />
    <size key="GridCell.Tab.1.bottom.0.0.1920.1080" width="1795" height="487" />
  </component>
  <component name="WindowManager">
    <frame x="119" y="40" width="1674" height="975" extendedState="6" />
  </component>
  <component name="WindowStateApplicationService">
    <state x="590" y="226" width="824" height="527" key="IDE.errors.dialog" timestamp="1735111910941">
      <screen x="59" y="25" width="1861" height="1055" />
    </state>
    <state x="411" y="192" key="IDE.errors.dialog/0.25.1440.875/-1861.-155.1861.1055" timestamp="1733712679594" />
    <state x="590" y="226" width="824" height="527" key="IDE.errors.dialog/1920.205.1440.875/59.25.1861.1055" timestamp="1735111910941" />
    <state x="1988" y="226" key="IDE.errors.dialog/59.25.1381.875/1440.25.1920.1055" timestamp="1732260870159" />
    <state x="625" y="25" width="600" height="333" key="RegExHelpPopup" timestamp="1736734904692">
      <screen x="59" y="25" width="1861" height="1055" />
    </state>
    <state x="625" y="25" width="600" height="333" key="RegExHelpPopup/1920.205.1440.875/59.25.1861.1055" timestamp="1736734904692" />
    <state width="714" height="183" key="ShowUsagesActions.dimensionServiceKey" timestamp="1737096018630">
      <screen x="59" y="25" width="1861" height="1055" />
    </state>
    <state width="803" height="183" key="ShowUsagesActions.dimensionServiceKey/0.25.1440.875/-1861.-155.1861.1055" timestamp="1733710518562" />
    <state width="714" height="183" key="ShowUsagesActions.dimensionServiceKey/1920.205.1440.875/59.25.1861.1055" timestamp="1737096018630" />
    <state width="700" height="117" key="ShowUsagesActions.dimensionServiceKey/53.25.1387.875/1440.25.1920.1055" timestamp="1732600693685" />
    <state width="784" height="139" key="ShowUsagesActions.dimensionServiceKey/55.25.1385.875/1440.25.1920.1055" timestamp="1732785973970" />
    <state width="628" height="95" key="ShowUsagesActions.dimensionServiceKey/57.25.1383.875/1440.25.1920.1055" timestamp="1732526730964" />
    <state width="640" height="227" key="ShowUsagesActions.dimensionServiceKey/59.25.1381.875/1440.25.1920.1055" timestamp="1733205656142" />
    <state width="300" height="433" key="Vcs.CompareWithSelectedRevision.Popup" timestamp="1737079791774">
      <screen x="59" y="25" width="1861" height="1055" />
    </state>
    <state width="300" height="433" key="Vcs.CompareWithSelectedRevision.Popup/1920.205.1440.875/59.25.1861.1055" timestamp="1737079791774" />
    <state x="2639" y="617" width="993" height="726" key="WELCOME_SCREEN" timestamp="1736990710058">
      <screen x="1920" y="205" width="1440" height="875" />
    </state>
    <state x="-931" y="317" width="993" height="726" key="WELCOME_SCREEN/0.25.1440.875/-1861.-155.1861.1055" timestamp="1733712676054" />
    <state x="2639" y="617" width="993" height="726" key="WELCOME_SCREEN/1920.205.1440.875/59.25.1861.1055" timestamp="1736990710058" />
    <state x="2400" y="552" width="1920" height="1055" key="WELCOME_SCREEN/57.25.1383.875/1440.25.1920.1055" timestamp="1732502734004" />
    <state x="720" y="462" width="1324" height="875" key="WELCOME_SCREEN/59.25.1381.875" timestamp="1732152321024" />
    <state x="2400" y="522" width="1324" height="875" key="WELCOME_SCREEN/59.25.1381.875/1440.25.1920.1055" timestamp="1733101932255" />
  </component>
</application>