<application>
  <component name="Translation.Cache">
    <option name="lastTrimTime" value="1737012051458" />
  </component>
  <component name="Translation.Settings">
    <option name="primaryLanguage" value="CHINESE_SIMPLIFIED" />
  </component>
  <component name="Translation.States">
    <option name="translationDialogHeight" value="260" />
    <option name="translationDialogLocationX" value="-1232" />
    <option name="translationDialogLocationY" value="246" />
    <histories>
      <item value="路线规划" />
      <item value="turn by turn" />
      <item value="pad start" />
      <item value="补登" />
      <item value="async supply" />
      <item value="lenient" />
      <item value="切换支付方式" />
    </histories>
    <option name="languageScores">
      <map>
        <entry key="CHINESE" value="2" />
        <entry key="CHINESE_SIMPLIFIED" value="4" />
        <entry key="ENGLISH" value="5" />
      </map>
    </option>
  </component>
</application>